{
    "type": "productivebees:centrifuge",
    "ingredient": {
        "type": "forge:nbt",
        "item": "productivebees:configurable_honeycomb",
        "nbt": {
            "EntityTag": {
                "type": "productivebees:bacon"
            }
        }
    },
    "outputs": [
        {
            "item": {
                "item": "minecraft:porkchop"
            },
            "min": 1,
            "max": 4,
            "chance": 90
        },
        {
            "item": {
                "tag": "forge:wax"
            }
        },
        {
            "fluid": {
                "fluid": "productivebees:honey"
            },
            "amount": 50
        }
    ]
}