{
    "primaryColor": "#1d77eb",
    "secondaryColor": "#0c5abe",
    "particleColor": "#1d77eb",
    "description": "productivebees.ingredient.description.only_spawnegg",
    "flowerBlock": "chemlib:cobalt_metal_block",
    "conditions": [
        {
            "type": "forge:not",
            "value": {
                "type": "forge:tag_empty",
                "tag": "forge:ingots/cobalt"
            }
        },
        {
            "type": "forge:not",
            "value": {
                "type": "forge:tag_empty",
                "tag": "forge:storage_blocks/cobalt"
            }
        }
    ]
}