{
    "primaryColor": "#ece386",
    "secondaryColor": "#586bb7",
    "particleColor": "#b598db",
    "flowerBlock": "chemlib:bismuth_metal_block",
    "conditions": [
        {
            "type": "forge:not",
            "value": {
                "type": "forge:tag_empty",
                "tag": "forge:ingots/bismuth"
            }
        },
        {
            "type": "forge:not",
            "value": {
                "type": "forge:tag_empty",
                "tag": "forge:storage_blocks/bismuth"
            }
        }
    ]
}