{
    "primaryColor": "#D0D1DA",
    "secondaryColor": "#804f40",
    "flowerBlock": "chemlib:titanium_metal_block",
    "conditions": [
        {
            "type": "forge:not",
            "value": {
                "type": "forge:tag_empty",
                "tag": "forge:ingots/titanium"
            }
        },
        {
            "type": "forge:not",
            "value": {
                "type": "forge:tag_empty",
                "tag": "forge:storage_blocks/titanium"
            }
        }
    ]
}