{
    "primaryColor": "#616669",
    "secondaryColor": "#804f40",
    "flowerBlock": "chemlib:tungsten_metal_block",
    "conditions": [
        {
            "type": "forge:not",
            "value": {
                "type": "forge:tag_empty",
                "tag": "forge:ingots/tungsten"
            }
        },
        {
            "type": "forge:not",
            "value": {
                "type": "forge:tag_empty",
                "tag": "forge:storage_blocks/tungsten"
            }
        }
    ]
}