{
    "type": "productivebees:advanced_beehive",
    "ingredient": "productivebees:bacon",
    "results": [
        {
            "item": {
                "type": "forge:nbt",
                "item": "productivebees:configurable_honeycomb",
                "nbt": {
                    "EntityTag": {
                        "type": "productivebees:bacon"
                    }
                }
            }
        }
    ],
    "conditions": [
        {
            "type": "productivebees:bee_exists",
            "bee": "productivebees:bacon"
        }
    ]
}