{
    "type": "productivebees:bee_breeding",
    "parent1": "productivebees:iron",
    "parent2": "productivebees:neon_cuckoo_bee",
    "offspring": [
        "productivebees:example"
    ],
    "breeding_items": [
        {
            "tag": "forge:ingots/iron"
        },
        {
            "item": "minecraft:rose_bush"
        }
    ],
    "conditions": [
        {
            "type": "forge:not",
            "value": {
                "type": "forge:mod_loaded",
                "tag": "productivebees"
            }
        }
    ]
}