{
    "type": "create:mixing",
    "ingredients": [
        {
            "type": "forge:nbt",
            "item": "productivebees:configurable_honeycomb",
            "nbt": {
                "EntityTag": {
                    "type": "productivebees:oxygen"
                }
            }
        }
    ],
    "results": [
        {
            "item": "chemlib:oxygen",
            "count": 2,
            "chance": 0.5
        },
        {
            "item": "productivebees:wax"
        }
    ],
    "heatRequirement": "heated",
    "conditions": [
        {
            "type": "forge:mod_loaded",
            "modid": "create"
        },
        {
            "type": "forge:mod_loaded",
            "modid": "chemlib"
        }
    ]
}