{
    "type": "productivebees:centrifuge",
    "ingredient": {
        "item": "productivebees:configurable_honeycomb"
    },
    "comb_type": "productivebees:uranite",
    "outputs": [
        {
            "item": {
                "item": "powah:uraninite_raw_poor"
            }
        },
        {
            "item": {
                "item": "powah:uraninite_raw_poor"
            },
            "chance": 5
        },
        {
            "fluid": {
                "tag": "forge:honey"
            },
            "amount": 150
        }
    ],
    "conditions": [
        {
            "type": "forge:mod_loaded",
            "modid": "powah"
        }
    ]
}