{
    "type": "productivebees:centrifuge",
    "ingredient": {
        "item": "productivebees:configurable_honeycomb"
    },
    "comb_type": "productivebees:example",
    "outputs": [
        {
            "item": {
                "item": "productivebees:bee_cage"
            },
            "min": 1,
            "max": 4,
            "chance": 90
        },
        {
            "item": {
                "tag": "forge:wax"
            }
        },
        {
            "fluid": {
                "tag": "forge:honey"
            },
            "amount": 150
        }
    ],
    "conditions": [
        {
            "type": "forge:not",
            "value": {
                "type": "forge:mod_loaded",
                "tag": "productivebees"
            }
        }
    ]
}