{
    "type": "productivebees:advanced_beehive",
    "ingredient": "productivebees:configurable_bee",
    "bee_type": "productivebees:example",
    "results": [
        {
            "item": {
                "item": "productivebees:configurable_honeycomb"
            }
        }
    ],
    "conditions": [
        {
            "type": "forge:not",
            "value": {
                "type": "forge:mod_loaded",
                "tag": "productivebees"
            }
        }
    ]
}