{
    "type": "productivebees:advanced_beehive",
    "ingredient": "productivebees:zirconium",
    "results": [
        {
            "item": {
                "type": "forge:nbt",
                "item": "productivebees:configurable_honeycomb",
                "nbt": {
                    "EntityTag": {
                        "type": "productivebees:zirconium"
                    }
                }
            }
        },
        {
            "item": {
                "tag": "forge:pollen"
            },
            "chance": 5
        }
    ],
    "conditions": [
        {
            "type": "productivebees:bee_exists",
            "bee": "productivebees:zirconium"
        }
    ]
}