{
    "primaryColor": "#be36d6",
    "particleColor": "#d54eed",
    "size:": 0.5,
    "beeTexture": "productivebees:textures/entity/bee/argon/bee",
    "flowerFluid": "chemlib:argon_fluid",
    "translucent": true,
    "attributes": {
        "temper": 1,
        "endurance": 1,
        "behavior": 1,
        "productivity": 1,
        "weather_tolerance": 0
    },
    "conditions": [
        {
            "type": "forge:mod_loaded",
            "modid": "chemlib"
        }
    ]
}