{
    "primaryColor": "#a7dbb4",
    "particleColor": "#b1e6be",
    "beeTexture": "productivebees:textures/entity/bee/beryllium/bee",
    "flowerBlock": "chemlib:beryllium_metal_block",
    "size:": 1.0,
    "attributes": {
        "temper": 1,
        "endurance": 1,
        "behavior": 1,
        "productivity": 1,
        "weather_tolerance": 0
    },
    "conditions": [
        {
            "type": "forge:mod_loaded",
            "modid": "productivebees"
        }
    ]
}