{
    "primaryColor": "#cbf747",
    "particleColor": "#d0ef76",
    "size:": 0.6,
    "beeTexture": "productivebees:textures/entity/bee/chlorine/bee",
    "flowerFluid": "chemlib:chlorine_fluid",
    "translucent": true,
    "attributes": {
        "temper": 1,
        "endurance": 1,
        "behavior": 1,
        "productivity": 1,
        "weather_tolerance": 0
    },
    "conditions": [
        {
            "type": "forge:mod_loaded",
            "modid": "chemlib"
        }
    ]
}