{
    "primaryColor": "#cac12c",
    "particleColor": "#f3ee80",
    "size:": 0.4,
    "beeTexture": "productivebees:textures/entity/bee/fluorine/bee",
    "flowerFluid": "chemlib:fluorine_fluid",
    "translucent": true,
    "attributes": {
        "temper": 1,
        "endurance": 1,
        "behavior": 1,
        "productivity": 1,
        "weather_tolerance": 0
    },
    "conditions": [
        {
            "type": "forge:mod_loaded",
            "modid": "chemlib"
        }
    ]
}