{
    "primaryColor": "#bcadca",
    "particleColor": "#d0c1d0",
    "size:": 0.7,
    "beeTexture": "productivebees:textures/entity/bee/krypton/bee",
    "flowerFluid": "chemlib:krypton_fluid",
    "translucent": true,
    "attributes": {
        "temper": 1,
        "endurance": 1,
        "behavior": 1,
        "productivity": 1,
        "weather_tolerance": 0
    },
    "conditions": [
        {
            "type": "forge:mod_loaded",
            "modid": "chemlib"
        }
    ]
}