{
    "primaryColor": "#f0c6cc",
    "particleColor": "#f2c9cf",
    "size:": 0.7,
    "beeTexture": "productivebees:textures/entity/bee/nitrogen/bee",
    "flowerFluid": "chemlib:nitrogen_fluid",
    "translucent": true,
    "attributes": {
        "temper": 1,
        "endurance": 1,
        "behavior": 1,
        "productivity": 1,
        "weather_tolerance": 0
    },
    "conditions": [
        {
            "type": "forge:mod_loaded",
            "modid": "chemlib"
        }
    ]
}