{
    "primaryColor": "#edede1",
    "particleColor": "#f5f5ed",
    "size": 0.7,
    "beeTexture": "productivebees:textures/entity/bee/oxygen/bee",
    "flowerFluid": "chemlib:oxygen_fluid",
    "translucent": true,
    "attributes": {
        "temper": 1,
        "endurance": 1,
        "behavior": 1,
        "productivity": 1,
        "weather_tolerance": 0
    },
    "conditions": [
        {
            "type": "forge:mod_loaded",
            "modid": "chemlib"
        }
    ]
}