{
    "primaryColor": "#86a245",
    "particleColor": "#a2bc6e",
    "beeTexture": "productivebees:textures/entity/bee/praseodymium/bee",
    "flowerBlock": "chemlib:praseodymium_metal_block",
    "size:": 1.0,
    "attributes": {
        "temper": 1,
        "endurance": 1,
        "behavior": 1,
        "productivity": 1,
        "weather_tolerance": 0
    },
    "conditions": [
        {
            "type": "forge:mod_loaded",
            "modid": "chemlib"
        }
    ]
}