{
    "primaryColor": "#aaa9b0",
    "particleColor": "#b2b7ae",
    "size:": 0.8,
    "beeTexture": "productivebees:textures/entity/bee/protactinium/bee",
    "flowerBlock": "chemlib:protactinium_metal_block",
    "attributes": {
        "temper": 1,
        "endurance": 1,
        "behavior": 1,
        "productivity": 1,
        "weather_tolerance": 0
    },
    "conditions": [
        {
            "type": "forge:mod_loaded",
            "modid": "chemlib"
        }
    ]
}