{
    "primaryColor": "#717174",
    "particleColor": "#f2f24f",
    "size:": 0.5,
    "beeTexture": "productivebees:textures/entity/bee/rutherfordium/bee",
    "flowerBlock": "chemlib:rutherfordium_metal_block",
    "attributes": {
        "temper": 1,
        "endurance": 1,
        "behavior": 1,
        "productivity": 1,
        "weather_tolerance": 0
    },
    "conditions": [
        {
            "type": "forge:mod_loaded",
            "modid": "chemlib"
        }
    ]
}