{
  "type": "productivebees:centrifuge",
  "ingredient": {
    "type": "forge:nbt",
    "item": "productivebees:configurable_honeycomb",
    "nbt": {
      "EntityTag": {
        "type": "productivebees:actinium"
      }
    }
  },
  "outputs": [
    {
      "item": {
        "item": "chemlib:actinium_dust"
      },
      "chance": 50
    },
    {
      "item": {
        "tag": "forge:wax"
      }
    },
    {
      "fluid": {
        "fluid": "productivebees:honey"
      },
      "amount": 100
    }
  ],
  "conditions": [
    {
      "type": "forge:mod_loaded",
      "modid": "chemlib"
    },
    {
      "type": "productivebees:bee_exists",
      "bee": "productivebees:actinium"
    }
  ]
}